N,spearman_rho,p_value,points
9,-0.5944055944055945,0.04152149441031855,12
