N,spearman_rho,p_value,points
7,-0.03152369107522559,0.9225248645215405,12
