spearman_rho,p_value,points
-0.23607505977501592,0.46009626004617343,12
